version,total_tests,passed_tests,accuracy_percentage,avg_latency_ms,avg_tokens,avg_cost_usd,avg_confidence
v1.0,3,3,100,3544.3333333333335,4778,0.002389,8
v1.1,3,3,100,3753.3333333333335,5016.666666666667,0.0025083333333333333,8
v1.2,3,3,100,4235.666666666667,5250.333333333333,0.0026251666666666667,8
v1.3,3,3,100,4111.333333333333,4794,0.0023970000000000003,8
v1.4,3,3,100,2916.6666666666665,4861.333333333333,0.0024306666666666665,8
v1.5,3,3,100,3992.3333333333335,5836.666666666667,0.0029183333333333335,8
